Gene,Intercept_coef,Intercept_pval,Organ_SP_coef,Organ_SP_pval,IL17_coef,IL17_pval,Organ_SP:IL17_coef,Organ_SP:IL17_pval,EPO_coef,EPO_pval,Organ_SP:EPO_coef,Organ_SP:EPO_pval,IL17:EPO_coef,IL17:EPO_pval,Organ_SP:IL17:EPO_coef,Organ_SP:IL17:EPO_pval,Organ_SP_fold_change,IL17_fold_change,EPO_fold_change,model_0_lrt_stat,model_0_lrt_pval,model_1_lrt_stat,model_1_lrt_pval,model_2_lrt_stat,model_2_lrt_pval,model_3_lrt_stat,model_3_lrt_pval,model_4_lrt_stat,model_4_lrt_pval,model_5_lrt_stat,model_5_lrt_pval,model_6_lrt_stat,model_6_lrt_pval,model_0_lrt_pval_corrected,model_1_lrt_pval_corrected,model_2_lrt_pval_corrected,model_3_lrt_pval_corrected,model_4_lrt_pval_corrected,model_5_lrt_pval_corrected,model_6_lrt_pval_corrected,Significant_In_Any_Model,Significance_Type,Significant_In_Models,Number_of_Models_Significant,Cellstate
Creb1,3.0520697204987752,3.3841870607876388e-102,0.5351185631036368,0.0074381076686373,0.5441023738463411,0.0105889158786165,-0.6845550259200335,0.0156704342534179,-0.0187653991439233,0.9218254514102928,-0.7485730649291804,0.0070675290909356,-0.6936011700246721,0.0122850686246388,1.461671721286413,0.0002021011617578,1.7076506946185657,1.7230610233664496,0.9814095747641244,17.47946529329056,0.0015592989053657,13.960135069044554,0.000930240377744,27.039622569689527,1.951558321229614e-05,16.961257404017488,0.0019667397249212,13.845389165728191,0.0009851717338882,13.81982699668697,0.000201201765225,13.828955133083582,0.0009933002564712,0.022554080649065,0.0151404016315364,0.0006391172430591,0.0268901018329214,0.0158278814804947,0.0043848591165154,0.0159391962460368,True,Shared,"Epo, Organ, IL-17, Epo triple interaction",2,EEP
Mfsd7b,1.2778314278589014,8.425723512232085e-26,-0.1991866764602501,0.2442794413305875,-0.3214102208797103,0.0776390472437326,0.7781472481845237,0.0013262048211659,-0.3326082882385259,0.042072479968991,0.030555436188117,0.8977557367487248,0.2641465379558576,0.2651076208918658,-0.2565326010062013,0.4458973442332984,0.81939691693883,0.7251257282551491,0.7170510164681344,18.32989413011819,0.0010637000607852,15.300911263657326,0.0004758272775712,10.547467191418946,0.0321493852921601,18.246988101458555,0.001104198899759,1.247965381798167,0.535806231911331,0.5835326563546914,0.4449309542847518,0.9207642237533946,0.6310424706092439,0.016796638756278,0.0089039223691345,0.1960622627279951,0.0172832846214698,0.8013318277971039,0.747104765243361,0.850192922697962,True,Unique,Organ and IL-17 interaction,1,EEP
Dph6,3.1749921353507533,1.094054644314764e-105,-0.1915701827145855,0.3487590386038702,0.0770109032800323,0.7235164504547542,0.1852319154251625,0.522557550810403,-0.159728247236481,0.4140281581514158,-0.3053561611267414,0.2826098022874066,-0.2839033721953594,0.3162494861454239,0.9413208556229686,0.0192628858335874,0.8256616758952465,1.0800538524580048,0.8523753928638528,17.405463242641417,0.001611928219056,16.708568442401884,0.0002353859098337,11.40162913727545,0.0224024383256389,22.073814584535285,0.0001937523511577,6.322993017000044,0.0423622980816984,5.493384421287374,0.0190885571845061,6.164181881647892,0.0458632589607966,0.0231317183821029,0.0049820371346324,0.1556873249225133,0.0042582143276455,0.2318494613442853,0.1395666415541537,0.2427468691452466,True,Shared,"Organ and IL-17 interaction, IL-17",2,EEP
Lamp2,2.404368921478782,5.521891763537082e-62,0.6946658713683218,0.0006402102712287,0.4944306746345443,0.0224819126833629,-1.0340599768846936,0.0003350289942422,-0.2635333184005642,0.1756982569526222,-0.5063661640304024,0.0734040857356301,-0.4888195745331959,0.0829499525534317,1.3914952709427442,0.0005085114671959,2.0030396892065485,1.6395645276155877,0.7683320224186657,23.023700447784904,0.0001252531071455,14.526549395576694,0.0007008093351062,29.85168515395162,5.246761820017242e-06,16.213535823030725,0.0027456153775739,13.107957739071026,0.0014244366602903,12.097257119264214,0.0005049605049856,12.98069628698886,0.001518020427126,0.0029683211152598,0.0121388114183698,0.0002143225296544,0.0346218095952402,0.0209825543520415,0.0093560067167284,0.0220630502217981,True,Shared,"Organ, Epo, Organ, IL-17, Epo triple interaction",3,EEP
Rnf38,1.7267276472389987,1.275101840708616e-34,0.3662488831539661,0.064116557585632,0.1217899165247921,0.5631301400957738,0.1006617846168328,0.7195099020690261,-0.0559456594020001,0.7674758633184725,-0.8526043284003113,0.0019314401561538,-0.2233211513769458,0.4152235581742113,0.9658344439125996,0.0130732379151008,1.4423141656862812,1.1295167840416267,0.9455905184485396,24.62675104203754,5.979393563867636e-05,15.73616633389247,0.0003827673605865,23.5096911300825,0.000100140703961,24.16965402718415,7.385744822802331e-05,7.905062161777096,0.0192060281920818,6.175883905480987,0.0129503196492177,9.799403692240048,0.0074488036295771,0.0016283297500039,0.0074806661071718,0.0024664114527466,0.0019262585708912,0.1400173606488535,0.1071970188521553,0.072343204008796,True,Shared,"Organ, Organ and IL-17 interaction, Epo, IL-17",4,EEP
Zfp865,1.0084600516405129,3.5514910244822363e-16,0.0762027180391572,0.6612653198149312,0.2799921416757818,0.1305230882430264,0.2143501501640781,0.3843829279856803,0.2963701697402571,0.074794616450348,-0.5439018014785252,0.0244537211069923,-0.81631381165778,0.000704980307205,0.7249894351437665,0.0340856338467186,1.0791813215059087,1.3231194147952423,1.344967931125597,18.613711342981333,0.0009358583779962,16.41954758029442,0.0002719822393936,18.11851088675576,0.0011699874075151,28.5201277428514,9.78338851467558e-06,11.631514156721096,0.0029802232106698,4.504657132751163,0.0338026723960977,5.637732920929011,0.0596735467102156,0.0152088103532548,0.0056283717378144,0.0180692451772709,0.0003619132261601,0.0367367193709754,0.2021310084319782,0.2828178807707709,True,Shared,"Organ and IL-17 interaction, IL-17",2,EEP
Aldh16a1,1.8035327789342808,2.996940260571125e-38,-0.3323841279790114,0.0900741030200031,-0.157126968465943,0.4517249444299496,0.9074054068896008,0.0010917275849712,-0.0715868577562142,0.7026978123233671,0.004309420489519,0.9873860685001292,0.0476208108591361,0.8608704058851065,-0.3357512992466964,0.3841125619667156,0.7172117688265431,0.8545955452435485,0.930915416858888,16.067285551792338,0.0029301927251018,15.231655477600723,0.0004925927753239,3.810246369786,0.4322948540432177,22.830469854647163,0.0001368930511308,1.1424031106917028,0.5648463366565014,0.7606854230461977,0.383114106360902,1.4803353430643256,0.4770339238061569,0.0362446968954195,0.0091584280192,0.7388003203210265,0.0032018165515189,0.816815449700801,0.704063914135019,0.766760969033001,True,Shared,"Organ and IL-17 interaction, IL-17",2,EEP
Msl2,2.716268934909784,8.639497541331392e-82,0.7256706508289416,0.0002728046728655,0.5630411498819823,0.0079931622485314,-0.9229781993628724,0.0010858870523255,-0.1349540395648881,0.4791153191403386,-0.8913734270881697,0.0012977256608803,-0.5174215505747799,0.0610563747946561,1.3856884761657864,0.0004107847062445,2.066116278023709,1.7560046616050522,0.8737560689743159,17.341060907318024,0.0016591542571359,13.57651588110457,0.0011269302446593,37.65211184498549,1.321855930087006e-07,16.867458286385954,0.0020509797576366,13.243958735531123,0.0013307942057817,12.49461795955358,0.0004081260841159,13.52728569874671,0.0011550139589928,0.0236438908654703,0.0175628857495652,9.099762648447994e-06,0.0277507408566548,0.0198992345837916,0.0078881661821558,0.0178774131912759,True,Shared,"Epo, Organ, IL-17, Epo triple interaction",2,EEP
Khsrp,3.777662685132169,1.1725728804128791e-211,0.5415063604662723,0.001548156106115,0.7464687812285207,4.1626409358955415e-05,-0.5768198618183183,0.0173246714016306,0.4156989726572439,0.0110629121802148,-0.7368092083020825,0.0019440468023414,-0.9926820131776858,2.812695121803845e-05,1.334816389293951,7.29496892262492e-05,1.7185937349741955,2.10953760986456,1.5154296144515145,23.04827612909139,0.0001238449426741,16.205055035015903,0.000302772906333,21.224090507355868,0.0002858617343486,28.77157555886879,8.698642598929465e-06,19.5723441775217,5.622370522951451e-05,15.734015297860424,7.290135093256976e-05,15.90826107018438,0.0003512084854847,0.0029421831917754,0.0061755331502344,0.0058751965248834,0.0003287352913466,0.0015470852323462,0.0019046237320206,0.0069821080472784,True,Shared,"Organ, Organ and IL-17 interaction, Epo, IL-17, IL-17 and Epo dual interaction, Organ, IL-17, Epo triple interaction, Organ and Epo interaction",7,EEP
Cep192,2.95825674522546,3.244631066774312e-93,0.1402944331945834,0.4896954760475606,0.2124992946744965,0.3257626634018596,-0.0729718296758072,0.7998205521966544,-0.1541379511824983,0.4274795296117277,-0.3657780617331482,0.1950796170548949,-0.5254431456831528,0.0618659097844455,1.1455495796435533,0.0041407394324779,1.150612527510503,1.2367652412429109,0.857153767479231,20.585562218729137,0.0003825629176369,15.0448968685605,0.0005408068135579,18.46102679980868,0.0010026200699004,17.518008740893492,0.0015325626862083,8.28463760690829,0.0158859723157628,8.238673413109609,0.0041007093035748,9.303169445304777,0.0095464614432762,0.0074793861792472,0.0099007121830996,0.0160428111424513,0.0222400413111617,0.1235815455278277,0.0467712096602821,0.0862828106157877,True,Shared,"Organ, Organ and IL-17 interaction",2,EEP
Fzd7,0.1967474031448353,0.0040518336583084,0.1481474330386118,0.0885542500096734,0.3440764832496564,0.0001449777512092,-0.4139811270636928,0.0003474536864391,-0.0471218680286206,0.5559927230872699,-0.1564085118845183,0.1141181677517163,-0.3023589391065106,0.0038665693882681,0.4507079160209283,0.0005698779483385,1.1596838594750902,1.4106865252714451,0.9539711319247728,15.605689629268454,0.0035965872437148,13.16219847037064,0.0013863245602336,40.393735732057394,3.5882560571464896e-08,22.383663761422213,0.000168080811871,11.925215773795571,0.0025731926188626,11.876871462129202,0.0005683533119307,14.3460676524046,0.0007669922766516,0.0250135144928777,0.0113680166374274,9.516741263914016e-07,0.0018502786546723,0.0189679057682158,0.0053064908801161,0.0068812231612802,True,Shared,"Epo, IL-17, Organ, IL-17, Epo triple interaction, Organ and Epo interaction",4,CEP-1
Ptma,8.634783445994096,0.0,0.0770730638243373,0.0002345713558278,-0.1552414385476339,1.1006675034908682e-12,0.0861234404171775,0.0020042165946972,-0.0107690753952842,0.5763825026780037,0.018300786281477,0.4427756657211407,0.1006699349526149,6.515166248024583e-05,-0.0235936088243553,0.4539498528395663,1.0801209912800234,0.8562084308063033,0.9892887035027148,433.2623128435839,1.803039443322284e-92,27.64497888092842,9.93045413348392e-07,75.45609603484763,1.5956680201826796e-15,85.67709764952542,1.089709663069083e-17,32.525935632106666,8.651328802216893e-08,0.5616522009356686,0.4535953106880335,0.6561540234497443,0.7203075454427315,2.164445398625588e-89,1.93959338504612e-05,1.1898776182679946e-13,1.001206643633121e-15,2.1171418436798184e-06,0.7053461874692136,0.870181238941274,True,Shared,"Organ, Organ and IL-17 interaction, Epo, IL-17, IL-17 and Epo dual interaction",5,CEP-1
Suco,2.2673023684819795,2.768547976188352e-45,-0.0185704201688034,0.9274721494680328,0.1129970077673703,0.5946989251694815,0.1522076113828669,0.5749518766469695,-0.6746760655576828,0.0003249305906198,0.5936103552585238,0.0105656164273147,0.3790300566584708,0.1225614773351925,-0.7590783778094514,0.0133493413709783,0.9816009476534234,1.1196285827543953,0.5093213806253841,27.5769690052548,1.5193608699101958e-05,18.323878505085304,0.0001049591582478,30.721278378103307,3.489469676671136e-06,21.20613732489801,0.000288216374532,6.656102632990951,0.035862922505027,6.128369120804564,0.0133029528890855,7.22429568485677,0.0269938061153913,0.0002240850723482,0.0012299318740626,6.0521884418189785e-05,0.0029575701314258,0.1483272649689702,0.0707792873072051,0.1205069463154156,True,Shared,"Organ, Organ and IL-17 interaction, Epo, IL-17",4,CEP-1
Nop10,6.118937454223515,0.0,-0.0044037367086026,0.9406911314118512,-0.3339248323439639,5.983928526771826e-08,0.2181065814036454,0.0056104014640269,-0.1710458504599828,0.0016832083576133,0.0248376096402243,0.7123265328324594,0.0187534714753114,0.7922950704128493,-0.0783781903965648,0.3785337395261432,0.9956059455220178,0.7161076083345801,0.8427829306006963,54.46527254703688,4.2050171540239556e-11,19.010784333111587,7.444930257639813e-05,67.26935458613843,8.553746917478723e-14,178.8869305420485,1.292926342902927e-37,1.3186301376154006,0.5172054633555825,0.7766602757947112,0.3781644962447125,0.9844001413002844,0.6112800543994501,1.8328618520101918e-09,0.0009107415769732,5.168029913582627e-12,3.978030139149269e-35,0.7508912081367655,0.6452720859026346,0.8103663222750789,True,Shared,"Organ, Organ and IL-17 interaction, Epo, IL-17",4,CEP-1
Zcchc16,0.1502808396021489,0.0152659479404393,0.3544849269637588,6.689897907289076e-06,-0.0754776374498972,0.3570192055145821,0.4285728540863181,4.270924638433192e-05,-0.1045877836774567,0.1486846654186797,-0.2823296747287516,0.001623600525413,0.035596176248106,0.7070370623885844,-0.4005673487759363,0.0007142624164,1.4254462562322037,0.9273004671052926,0.9006957275531785,157.60504279420277,4.7699783786568665e-33,17.002984342145282,0.0002031649858023,298.53284365626314,2.245321896436759e-63,31.00439150807324,3.0550875555964595e-06,26.53660573463821,1.728419990045966e-06,11.45706389512634,0.0007122274201532,87.20003422602531,1.1607886605326061e-19,1.1800378605875215e-30,0.0021814021136872,1.6279028367363815e-60,5.3597243994648286e-05,3.205039519146517e-05,0.00645873403041,1.2630174033405817e-17,True,Shared,"Organ, Organ and IL-17 interaction, Epo, IL-17, IL-17 and Epo dual interaction, Organ, IL-17, Epo triple interaction, Organ and Epo interaction",7,CEP-1
Zfp704,1.8966172520319315,9.037493718149981e-29,0.3936679717882176,0.069083394699869,0.2307688744863329,0.3060077390935029,-0.5032108659634007,0.0807074274322443,-0.0958797532985277,0.630339768702288,-0.6448117700247293,0.0088852512180876,-0.2543275611225388,0.3290202421505538,0.99423470387182,0.0022645418859447,1.4824082655877846,1.2595680874829855,0.9085732624381708,14.453982853374328,0.0059785869161189,13.52045490697492,0.0011589655331703,30.607546739458485,3.680813414601363e-06,39.89860413573115,4.542529464698345e-08,15.303091736248462,0.0004753087960877,9.32804789403599,0.0022567263785901,9.546875735424692,0.0084512757919616,0.0377962517574584,0.0097818774893344,6.344984084534228e-05,1.178723618396406e-06,0.0045604608505137,0.0170364229407239,0.0498077724280061,True,Shared,"Organ and IL-17 interaction, Epo, IL-17, IL-17 and Epo dual interaction",4,CEP-1
Fabp5,4.56229656855262,0.0,-0.0778060811334595,0.4570224844498148,-0.4758858935037306,1.2439506821583464e-05,0.5056785565191115,0.0002798142735717,0.6209596751740861,1.104215718613942e-10,0.4103786917497357,0.0005667517862739,0.6381318167076521,3.9822219964967227e-07,-0.4238353244474133,0.0070543270002943,0.925143811989274,0.621334376491351,1.860712865226877,134.90876449096868,3.470046273427334e-28,14.449225318996469,0.0007284346366897,817.3690869659877,1.3274173978798346e-175,68.23029452019,5.3638211653789e-14,30.814399600727484,2.035814227357058e-07,7.265540461692581,0.0070290113750206,11.904221648879684,0.0026003458477386,6.722250753022842e-26,0.0065820685020825,5.717811399679216e-172,3.314569894322369e-12,4.575708054839634e-06,0.0431200770171396,0.0191353155856052,True,Shared,"Organ, Organ and IL-17 interaction, Epo, IL-17, IL-17 and Epo dual interaction",5,CEP-1
Tmem56,3.56769180933636,6.341179274055347e-129,0.1648273795289676,0.3797979472013449,0.7563085766634129,0.0001083578810493,-0.3865313770656756,0.1216046186182297,-0.6394382053055153,0.0002126937866007,0.6956922874758344,0.0011247379133053,0.0111876758922439,0.9604849332602516,-0.0796742380405464,0.7776983755334063,1.1791895488863713,2.130397488570551,0.5275887373551479,95.55642252224789,8.677854505720595e-20,14.96066237922787,0.0005640705703193,32.51024479069747,1.504555058754972e-06,86.22619356678479,8.332733953879619e-18,0.1664094548686989,0.9201627453772248,0.0798336076040868,0.77752302727853,21.749250457556627,1.893260047845424e-05,9.657344253653525e-18,0.0052732280930391,2.826425174126484e-05,7.723811509376493e-16,0.9655409462589892,0.8991743654196295,0.0002725629215687,True,Shared,"Organ, Organ and IL-17 interaction, Epo, IL-17, Organ and Epo interaction",5,CEP-1
Ttc39b,0.7160560957590789,2.381057058331962e-10,-0.2344155487336824,0.1026963928184027,-0.1185657576719907,0.4278494697465976,0.3094736921549103,0.1053686329214229,0.0434563613540189,0.7422823212762543,0.0359458922753603,0.8259568390741762,-0.130725021835118,0.4494282057562691,0.0820936789351777,0.7039040015021374,0.7910330348121164,0.8881934082056554,1.0444144164865774,18.696719287607262,0.0009014268824325,17.746599282465468,0.0001400796118043,1.5309714798240748,0.8211414613640653,19.17968372126052,0.0007245595289441,0.7140880287006439,0.6997416983805618,0.144675572795677,0.7036764043112469,0.7484610802275711,0.6878183238345941,0.0079118765815515,0.0015827202181145,0.9209451153172376,0.0065559102066779,0.8593502322251008,0.8614292267833504,0.853224837166571,True,Shared,"Organ, Organ and IL-17 interaction, IL-17",3,CEP-1
Alg6,1.9953213008244943,3.10253327664554e-36,-0.222772423999549,0.2694298330248217,-0.2199948807556973,0.2948151538641171,0.6445682327038159,0.016315469603187,-0.6401683330264009,0.0005615806627076,0.9084158143015808,7.584437184647013e-05,0.9250151723500092,0.0001382679680673,-1.2054117211609685,7.070669784373326e-05,0.8002969569527384,0.8025229062627784,0.5272036707837731,47.84159523847484,1.0183370139562123e-09,21.49352913744224,2.151490582803112e-05,19.16040446521947,0.0007309118514415,44.9989322423753,3.977992990657575e-09,16.899069319362752,0.0002139999750178,15.792190389856842,7.069370492431148e-05,17.8994845510897,0.0001297706007937,3.5708775011501606e-08,0.0003046883440405,0.006600308613807,1.2454919783241436e-07,0.0022843405496549,0.0008709098133399,0.0014822510972267,True,Shared,"Organ, Organ and IL-17 interaction, Epo, IL-17, IL-17 and Epo dual interaction, Organ, IL-17, Epo triple interaction, Organ and Epo interaction",7,CEP-1
Pars2,0.4569576644897387,5.500770322041735e-05,0.2741837356520439,0.0568519044748892,0.3175415098667131,0.034118894047197,-0.4948699050442173,0.0097771909623359,0.2228945605970532,0.092411360189445,-0.2978971308192015,0.0690362474457022,-0.5261357779669377,0.0023870825845153,0.755050306086152,0.0004873498702235,1.3154564762893814,1.3737462677063077,1.2496888003480744,20.518304560129764,0.0003944686272655,13.32728050989681,0.0012764911492064,13.950372855440946,0.0074551411092721,13.479634470197198,0.0091551459322617,12.337274740595603,0.0020940875231472,12.16820762372663,0.0004861099615041,13.745182924816618,0.0010357893743687,0.0038778029492248,0.0106220019753342,0.0451036497057692,0.0531055031037495,0.0160217058883608,0.0046519046198467,0.0088908176370067,True,Shared,"Organ, Organ, IL-17, Epo triple interaction, Organ and Epo interaction",3,CEP-1
Ndufs5,5.404912598927773,0.0,0.0106640534974209,0.8842611382299335,-0.1615859766800429,0.034108873088332,0.1138384078669821,0.2428032560224505,0.0299920970867176,0.6563166025688194,0.0020687894468298,0.980202786751469,-0.1318448786153449,0.1347052171822302,0.0941510995404345,0.3927331279668301,1.010721117178914,0.8507933799305465,1.0304463903928724,49.99624867786588,3.6173835404159137e-10,17.770965710522432,0.0001383833458795,3.860761871073919,0.4251775175849087,59.61478322932089,3.495177460538433e-12,2.566348854452372,0.2771560906848754,0.7315985921322863,0.3923655128452989,1.7888332185375475,0.4088460460738525,1.3661173002271077e-08,0.0015674241714965,0.6835268021648772,1.7712204837567322e-10,0.5477189182418165,0.6577179152349306,0.6704524297311814,True,Shared,"Organ, Organ and IL-17 interaction, IL-17",3,CEP-1
Aurkaip1,5.321968010266575,0.0,-0.0497906618952072,0.480448541737928,-0.2035706480343289,0.005587130455634,0.2644723428505819,0.0048473183430568,0.1353655096060501,0.0370649042735332,0.0725044791552367,0.3666141145680082,-0.029753633270763,0.7260158268367671,-0.0540412667991828,0.6105614568905393,0.9514285739097148,0.8158125667324859,1.1449552000032843,68.17173548967003,5.518587711150004e-14,26.011801891027066,2.2470306026576403e-06,35.811693798634224,3.1636296302709765e-07,39.5361256586275,5.3980311241711923e-08,1.858641722294124,0.3948217581364084,0.2597737849009718,0.6102756101777949,0.8873283391858422,0.6416808805976695,3.401596147511628e-12,4.0627977763163216e-05,6.828992173233938e-06,1.3744145519112792e-06,0.6596432595250686,0.8100473682490357,0.8285497055236235,True,Shared,"Organ, Organ and IL-17 interaction, Epo, IL-17",4,CEP-1
Lyar,5.749758513768414,0.0,0.1717611194308387,0.0009570150701817,0.0162538258235588,0.7640006620686639,-0.0043769470665484,0.949557471224412,0.27720715449707,6.872281697987354e-09,-0.0624377873597986,0.2914195928579183,-0.1680997096454719,0.0072193117950413,0.1619559777274629,0.0383550262319708,1.1873941539412096,1.0163866378426196,1.3194396705877407,170.9477013939986,6.547312859020378e-36,18.69090323182354,8.736187214974428e-05,121.6964011915843,2.318938955832413e-25,23.67024811593092,9.299744130026444e-05,7.241184819955379,0.0267668148666113,4.294320168892227,0.0382398813590239,4.909146590551245,0.0858998414902768,1.8582948787887025e-33,0.0010476986262543,3.790378190150449e-23,0.0011058661309019,0.1197271731865707,0.1553073650736133,0.2714196241890503,True,Shared,"Organ, Organ and IL-17 interaction, Epo, IL-17",4,CEP-1
Ran,7.080423234303673,0.0,-0.0371003115502913,0.3129758674954191,-0.1149678643543276,0.0026692082339008,0.1545587638503023,0.0015805368631016,0.1383325460351034,4.32732308355252e-05,0.1014721738665842,0.0153103847260582,0.0036608423780963,0.934052154522892,-0.0852619259788536,0.1230662425265585,0.9635794723502265,0.891394788993658,1.1483573684743635,91.34677559072452,6.813480793274152e-19,17.210840733189798,0.0001831105724422,183.8794851487592,1.0946583585292423e-38,46.00466175349038,2.4573558292374513e-09,6.066720977120895,0.0481535464829507,2.381154397446153,0.1228067672729335,6.087706534389326,0.0476509235463479,6.968306676663218e-17,0.0019953330190817,3.59455370493367e-36,7.99754645811426e-08,0.1830999973157668,0.3416187185494265,0.1818308587039303,True,Shared,"Organ, Organ and IL-17 interaction, Epo, IL-17",4,CEP-1
Pdap1,5.88458302497855,0.0,0.0964285982632193,0.0645241174350011,-0.1051862263678654,0.0527526146655436,0.1376145658645514,0.0473808421135479,0.2116245657540746,1.035662534928527e-05,0.0764158637462604,0.1980199169885407,-0.0467142260033125,0.4567087035625587,-0.0171845020753098,0.8265945243405693,1.1012309485342533,0.9001568740312995,1.2356838799365772,223.18019021842883,3.8773735645076796e-47,14.783975327543883,0.0006161699967384,152.48177193939136,5.982065645325253e-32,30.428926842553665,4.0026265550763205e-06,2.401596841240462,0.3009538282191357,0.0480701690175919,0.8264560074480818,2.995369463544193,0.2236473648216439,1.820054064155153e-44,0.0056991638690366,1.3995166805438728e-29,6.848138662349853e-05,0.573088674636533,0.9235853495940192,0.4866872387457509,True,Shared,"Organ, Organ and IL-17 interaction, Epo, IL-17",4,CEP-1
Ica1,0.5597645966211897,8.490350881681357e-08,-0.03299200861832,0.8037938133358631,0.1753213747342457,0.20473232322759,-0.1716895754010861,0.331162339022007,0.1027351290517061,0.4004075120300705,-0.2058082893912596,0.1732545957163417,-0.4362669751845354,0.0063255556780034,0.5232604894846331,0.0087844149239279,0.9675462915898464,1.1916291145722129,1.1081978407858817,17.778102983462304,0.0013636051288012,15.214082037586197,0.0004969401216054,12.585512980716883,0.0134890788310029,15.878231263064665,0.0031869881241748,7.989133990980918,0.018415418643904,6.872522580786608,0.0087531010840723,7.775976770353736,0.020486515593853,0.0112118473800506,0.00474067669161,0.0715253277015099,0.0226742023349375,0.0906132146913832,0.0512319825020673,0.0983006406782699,True,Unique,Organ and IL-17 interaction,1,CEP-1
Hebp1,4.1143579212824495,1.8577928384858986e-237,0.2828288631882311,0.0750680949216237,0.0248661406835713,0.8805029262101853,0.0151562739794875,0.942841960666322,-0.5027239746141983,0.0005836218544001,0.5044143153278224,0.005277606382308,0.2107362520515358,0.2703204013362184,-0.4546145012506433,0.0570761440408522,1.326878064703774,1.0251778817288222,0.6048807337912152,114.20248314688796,9.234880665971809e-24,15.57900818131384,0.0004140581683876,23.79350470422287,8.785904156919875e-05,19.083299055517276,0.0007568726903625,4.115899692191306,0.1277155381848335,3.624932586320938,0.0569198780604427,7.889961404442147,0.0193515898087763,1.3661466798527628e-21,0.0040443160592929,0.0010529712008163,0.0068087858104644,0.3496682014006134,0.2057697428283986,0.0940272098831263,True,Shared,"Organ, Organ and IL-17 interaction, Epo, IL-17",4,CEP-1
Ube2m,5.238196379343624,0.0,-0.0343847914862459,0.6468915600556344,-0.2237413875261117,0.0041931378629714,0.2141508335305232,0.0319999883027108,0.0301322581968405,0.6625936848639793,0.0710536595358631,0.4055318380279483,0.046814077326681,0.6042180866990237,-0.0548371985336324,0.6270911803101548,0.9661996476999544,0.7995218739652477,1.0305908290249752,43.11242367054911,9.80668699192756e-09,13.772088193229138,0.0010219485850722,10.215928605299268,0.0369433079234382,23.901505766976697,8.358897209520709e-05,0.283175961310917,0.8679788068811032,0.2364048273411754,0.626814882314322,0.7413216085733438,0.6902780412063276,2.897959113631474e-07,0.0087926482245433,0.1514696309803812,0.00100723542202,0.942747734024059,0.81965355704346,0.8545358148579044,True,Shared,"Organ, Organ and IL-17 interaction, IL-17",3,CEP-1
Trim30a,0.8729276402791262,5.892599932501651e-17,-0.1495490200923511,0.2592856731216066,0.2925479225317638,0.0340257762849569,-0.2114132631738636,0.2306583055062817,0.0693028921175523,0.5698851133925495,-0.4099007872524752,0.006588949260604,-0.7427126467207315,3.219591320019415e-06,0.6490711423961878,0.0011302387241725,0.8610962259685699,1.3398369434038813,1.071760787884246,75.0944362295395,1.90302022174966e-15,23.60609522131017,7.481721759943074e-06,86.72787942690229,6.520942568926954e-18,36.71538262154536,2.061624294224183e-07,22.280093400973783,1.4519083063085704e-05,10.606868200087774,0.0011266836133563,10.756424302058804,0.0046160673883077,1.4033480541597416e-13,0.000119438421477,6.145547766986023e-16,4.626618516492622e-06,0.0002153948329539,0.0095424081604491,0.0306372488573925,True,Shared,"Organ, Organ and IL-17 interaction, Epo, IL-17, IL-17 and Epo dual interaction, Organ, IL-17, Epo triple interaction",6,CEP-1
Copb1,4.154940764109285,6.91462732626059e-289,-0.2362133837788438,0.1041470030329587,-0.0140960864225368,0.9257812870340004,0.226395007821207,0.2417211386155345,-0.0871553203393185,0.5145719623538967,0.1469188598871816,0.3744563345416527,-0.131690690789186,0.4514594133866305,0.1406990030650832,0.5197688941920822,0.7896121655272608,0.986002798229538,0.9165347280921866,22.53757843638596,0.0001566133322143,14.357212502702168,0.0007627301558039,5.190730997343053,0.2682811331364541,24.07307757236049,7.722535706894073e-05,0.5726041369707673,0.7510357174575285,0.4150093351854593,0.5194378525861707,4.846922940814693,0.0886143500173569,0.0017447625860428,0.0068471792471561,0.5379654563826913,0.0009406156390697,0.8862047194924496,0.7523611415914288,0.2767633325466168,True,Shared,"Organ, Organ and IL-17 interaction, IL-17",3,CEP-1
Mif,6.38433303832996,0.0,-0.0164229346103433,0.7347859337605054,-0.159327013492495,0.0015940849849306,0.2287025102970543,0.0003912453317124,0.0272404521485062,0.5413567400848593,-0.0007563375574893,0.9890620707856752,0.067922441657247,0.2442373031503243,-0.168616117462544,0.0207232547418253,0.983711186555482,0.8527174632545157,1.027614865261134,29.39527151360562,6.497288353257836e-06,15.701390846497816,0.0003894810198955,13.872181582509256,0.00771437366201,25.971273086566725,3.206948184081368e-05,6.665156100518288,0.0357009474883382,5.355715539245466,0.0206544571770019,12.638768697995149,0.0018010519844373,0.0001053536169716,0.0038344348808672,0.0463603151537145,0.0004346385242934,0.1477992583519078,0.0989508626562197,0.0141427285286576,True,Shared,"Organ, Organ and IL-17 interaction, IL-17",3,CEP-1
Usp15,5.5726715628305605,0.0,0.0477321373569454,0.4342970307067737,0.1008142813047636,0.1126805026170631,-0.1181022079775486,0.1459274306458577,0.0624396857500435,0.2662671619147193,0.0235072645425638,0.7351008271108586,-0.0187865284379597,0.798138770266818,-0.0290183744914417,0.7519311450323554,1.0488896593355643,1.1060712045862977,1.0644302566691617,14.830995957787309,0.0050648894110205,13.93973946326696,0.0009397753208584,7.579566307631467,0.1082515044775865,16.52434120119142,0.0023905491410658,0.8203590099219582,0.6635311323155046,0.1000771737381001,0.7517370422016907,0.1231130636206216,0.940299787387658,0.0330087804290496,0.0082051898677122,0.315218499228991,0.0178607021684344,0.8406679425415832,0.8864949902664119,0.9740187366468064,True,Unique,Organ and IL-17 interaction,1,CEP-1
Zglp1,0.2762060403823971,1.465840933808212e-06,-0.1497268573182593,0.0399369388419422,-0.1793412876129167,0.0180914595908789,0.2706493013104715,0.0052502431600052,-0.2324815542015985,0.0005258484154651,0.2215261028634429,0.0075653050613754,0.3295892615566816,0.0001708976758418,-0.3751890628650083,0.0006183727714506,0.8609431046202451,0.8358205954985972,0.79256436869451,12.11802315107525,0.0164948587539658,11.984580538075534,0.0024979365472118,16.673965648074955,0.0022361499547497,22.6272801887244,0.0001502916984915,14.609987499046838,0.0006721737128893,11.72494646760606,0.0006166782269685,11.739925102614508,0.0028229790489109,0.0833346601970766,0.0185119319444069,0.0169212103685501,0.001683041780921,0.0061449768381707,0.0057031442948002,0.0204824701073902,True,Shared,"IL-17, IL-17 and Epo dual interaction, Organ, IL-17, Epo triple interaction",3,CEP-1
Cox5a,6.385490932464475,0.0,0.0436706552349122,0.32172408176788,-0.0502919125555992,0.2730001836620309,0.053200349559862,0.3642241574248305,0.1655307192440935,4.453443943280158e-05,-0.0183111838602348,0.7150381585306085,-0.1145606995293598,0.0307366055236306,0.0634500653119744,0.3383506114269845,1.0446382520875903,0.9509517892130316,1.180019211460882,61.04951571261336,1.7454919931917854e-12,15.087254894517171,0.0005294734968925,56.56234859537926,1.5283772006276786e-11,48.89017268870339,6.155138362012441e-10,6.327051348967871,0.0422764251021604,0.918078453234557,0.3379800140150446,1.2209711979512576,0.5430870825014986,9.20410248693216e-11,0.0049970042218002,7.05220398679036e-10,2.2346173368125193e-08,0.1669289020748444,0.6100607860922967,0.7672159311341225,True,Shared,"Organ, Organ and IL-17 interaction, Epo, IL-17",4,CEP-1
Pkm,0.1395278358459416,0.2127031101726503,0.0371380184126741,0.7940737864178825,0.0401478266716091,0.7863482684633545,0.079512837912832,0.6744438291931596,0.2712714104081137,0.0382274586660066,0.0392539846347252,0.8084455420827679,-0.0257518891506331,0.8804255876349217,0.5246665385220252,0.0141952513932235,1.0378362514657409,1.040964645157748,1.3116310123875876,117.38451148149396,1.9328368293726925e-24,36.80830986328874,1.0166631188689204e-08,107.56622277287896,2.4040206812982936e-22,147.6400459207798,6.522126403150554e-31,15.138130012226611,0.0005161748433822,6.019808890392596,0.0141461784869825,16.318450943766948,0.0002860838890253,2.948663385509878e-22,2.9982758842293365e-07,3.278197810603913e-20,1.456084604035078e-28,0.0048967398958867,0.0742355032296307,0.0029381577758284,True,Shared,"Organ, Organ and IL-17 interaction, Epo, IL-17, IL-17 and Epo dual interaction, Organ and Epo interaction",6,CEP-1
Vps13c,4.655743161837236,0.0,0.2002145807599718,0.0546918573147336,-0.1211054448286029,0.264271680350131,-0.0403925386774896,0.7707846534418565,-0.1199870349531168,0.2107357696309469,0.0887564048732279,0.4542055651465648,0.5732950950959517,4.821800959591589e-06,-0.2428343775863684,0.1212213112816507,1.2216648758139443,0.8859405368194306,0.8869319357567438,32.76163065270339,1.3365106994076534e-06,15.124643325159925,0.000519667350026,55.613155649394685,2.416842547899409e-11,76.6654795927243,8.852314385376092e-16,33.209622255939394,6.146418878151898e-08,2.4047938272324245,0.1209640602056416,2.82675707504859,0.2433198277307997,2.541383250727713e-05,0.0049203104525929,1.091110537947164e-09,6.766476257807256e-14,1.5461484547936414e-06,0.3382531499094406,0.5098020321958017,True,Shared,"Organ, Organ and IL-17 interaction, Epo, IL-17, IL-17 and Epo dual interaction",5,CEP-1
Senp6,5.0426453606287245,0.0,0.0194494997608155,0.8220033215612009,0.1262227578958699,0.1607820053434274,-0.0166847770559443,0.88466457386686,-0.1836178781506108,0.0209688486153913,0.1474121966053836,0.1340617373781205,0.1556952117529216,0.1344558004250148,-0.2446246978231321,0.0598828916546243,1.019639873502962,1.1345348667363977,0.8322537654207702,18.755181086955417,0.0008779316474969,18.614074121764133,9.078313196891818e-05,11.640998490785933,0.0202304461719555,33.9088255071656,7.779708098016879e-07,3.545331167162658,0.1698795566062593,3.545114910506527,0.0597210304519415,3.558025867845572,0.1688046864421513,0.0077297463930813,0.0010839354972587,0.0973782213786756,1.5526974240759935e-05,0.4162577462799605,0.2123424082012296,0.4149338151211335,True,Shared,"Organ, Organ and IL-17 interaction, IL-17",3,CEP-1
Npm1,8.496372769673702,0.0,0.0425657350769401,0.0743781519393093,-0.0964918526012326,0.0001021916733357,0.078453920451855,0.013440686008632,0.1437388271029706,5.785954915657184e-11,0.0147283097803252,0.5874742213765566,0.0385793770835141,0.1789271134712481,-0.0294145089390123,0.4122420345615875,1.0434846476628266,0.9080172955486072,1.154582523481191,155.2471357283091,1.527796668819339e-32,14.714556760389314,0.0006379323082343,360.7504623243197,8.367783077148586e-77,33.15091928523708,1.1124385592667774e-06,1.9907600365287976,0.3695829695755732,0.6733745382837242,0.411877557617497,0.6876510188445195,0.7090526402607367,3.6680644809060246e-30,0.0058737418754024,7.756299384688095e-74,2.1527626421624817e-05,0.6378526977564991,0.6728962989526672,0.8640240575170647,True,Shared,"Organ, Organ and IL-17 interaction, Epo, IL-17",4,CEP-1
Gnb2l1,7.881106926600196,0.0,0.0186726706666284,0.4171964149326544,0.2102344258627619,1.7203925265488805e-18,-0.1020771015705498,0.0008573964825537,0.1776812283935862,4.8131089140002164e-17,-0.1008663695420964,0.0001176837985777,-0.2616600002411015,3.43070469174499e-21,0.1478160598168531,1.946882052882069e-05,1.018848095161675,1.2339672999016564,1.1944445055476058,73.28948589184847,4.582417805173285e-15,19.1463299979622,6.957084312725231e-05,123.12040851681913,1.1509094174862758e-25,122.03705083602097,1.9611578611770343e-25,118.1154382581202,2.2467692350230004e-26,18.23642988632241,1.951110456340045e-05,19.13037378294257,7.012810679215933e-05,3.2234073834718935e-13,0.000858665789597,1.928550203987815e-23,3.219948580726697e-23,3.9836360961992556e-24,0.000279870647182,0.0008643781982948,True,Shared,"Organ, Organ and IL-17 interaction, Epo, IL-17, IL-17 and Epo dual interaction, Organ, IL-17, Epo triple interaction, Organ and Epo interaction",7,CEP-1
Luc7l3,5.297346243858291,0.0,0.1729644617487125,0.0186576023072376,0.0980735266209535,0.2001179368764154,-0.0830740541739258,0.39576951157057,-0.1766774198886384,0.0090088567110045,0.0938177580458636,0.2622224993655233,0.1582788985681195,0.0736072870091501,-0.1268970931377213,0.2511090112351992,1.1888238556123831,1.1030438852166062,0.8380500792126835,54.90498983629732,3.4013654581941165e-11,17.319214723880577,0.0001734523975479,11.1041239515107,0.0254183946005352,38.14059168733911,1.0481646796028885e-07,3.428961921692462,0.1800571531758758,1.3190918427389988,0.2507551015595664,1.468639288792474,0.4798318042037569,1.4995291294833264e-09,0.0019022613022682,0.1153301184344378,2.5115822969005468e-06,0.4306305165461448,0.5180995051348269,0.7254391148225149,True,Shared,"Organ, Organ and IL-17 interaction, IL-17",3,CEP-1
Atp5h,6.542494837442905,0.0,0.0522959319620218,0.2395098421768625,0.0901674540838642,0.0514079699107205,-0.0682368522020226,0.2486745297273817,0.038929650680557,0.3412409368036748,-0.108949332221325,0.0313021869326639,-0.1697108891424468,0.0015117633838478,0.1802976942489274,0.0070029295276788,1.053687516193216,1.0943575229991318,1.0396973390771218,14.973298680371954,0.004756919056495,14.265393624804346,0.0007985629066365,25.694874032013104,3.645846635038567e-05,17.14456098935989,0.0018118460770709,10.139962770775128,0.0062825370867056,7.278676026128778,0.0069777946934631,7.308219556134645,0.0258845302060334,0.0314069887070564,0.0071212181516719,0.0004861150974944,0.014208187265547,0.0393542637509148,0.0428912089329492,0.1168658051296141,True,Shared,"Organ and IL-17 interaction, Epo",2,CEP-1
BC017643,1.1819351545969736,1.0781347954644106e-18,-0.1715454504008023,0.3133764806205926,-0.0524889628092486,0.7669896143238254,0.1930256830975946,0.3938486412319877,0.0149526661435114,0.9239044980917214,-0.0529446428760472,0.784536744403304,-0.3616895789200334,0.0772874081580861,0.2809703825550866,0.2721661053274925,0.8423619814602831,0.9488647937997328,1.0150650165367583,17.896420562883577,0.0012929645225456,16.52329916329836,0.0002582326638243,8.366801615728036,0.0790290762528105,18.32848362483492,0.0010643766501795,3.40200595432907,0.1825003885055112,1.207613044054597,0.2718053681548092,1.9363363979719,0.3797780791911399,0.0107361868902408,0.0026929084696476,0.2567121575107375,0.009091462610836,0.4342620835539572,0.5418865149434308,0.6466531565255637,True,Shared,"Organ and IL-17 interaction, IL-17",2,CEP-1
Prelid1,4.974411400159156,0.0,0.0258716066027073,0.7383475367747527,-0.0701107879478956,0.384543411164484,-0.0160898281165545,0.8759157970100304,0.2682931959289218,0.0001663650164723,0.0160961169364461,0.8550979017511,-0.2016143869066279,0.0305007268124325,0.2511337744823019,0.0310604655283281,1.026209181531471,0.9322905276298856,1.3077305050718668,66.02759041366517,1.562953320691559e-13,18.768235333067423,8.404840571907814e-05,95.6236914818728,8.396619152108407e-20,38.05959556406924,1.089282173413211e-07,5.189026247435322,0.0746822282298537,4.654988568996487,0.030963438699064,12.360242880553416,0.0020701764365751,9.215006667816488e-12,0.0010126049038484,9.372854125784182e-18,2.6049923485476557e-06,0.2468852659738836,0.1332095485351249,0.0158719306796238,True,Shared,"Organ, Organ and IL-17 interaction, Epo, IL-17",4,CEP-1
Gkap1,2.4284422318140773,1.771738733901074e-52,0.331702476772433,0.1012745141957179,-0.2711487547556303,0.1981815147202071,0.5059911018284438,0.0602579670572507,-0.8589664317965205,3.978326432145363e-06,0.0210021358389862,0.9273562419400578,0.3727185221340057,0.1259258199840512,-1.0898212405987522,0.0003430546769805,1.3933382363480296,0.762503062011665,0.4235996752930879,41.75380214199322,1.8761297429094282e-08,20.456744174796768,3.613053925895544e-05,225.9382598983102,9.883652566084192e-48,48.74175590182495,6.609942519996885e-10,17.76560332398367,0.0001387548762249,12.823493354462698,0.000342294029423,28.829508615915984,5.492268318733878e-07,5.275858398004174e-07,0.0004822695950265,4.7615146477411005e-45,2.3878947257612823e-08,0.0015701751385137,0.00342982551896,1.1325889388226577e-05,True,Shared,"Organ, Organ and IL-17 interaction, Epo, IL-17, IL-17 and Epo dual interaction, Organ, IL-17, Epo triple interaction, Organ and Epo interaction",7,CEP-1
Map3k1,1.5872943846384604,6.299047669584633e-26,-0.0456454993727186,0.8116560865211002,0.2701107366880229,0.1755718638649467,-0.0956129748078565,0.7075304601674253,-0.5733675218424998,0.0011399485212598,0.4566900887968723,0.0361755310669169,0.2306080637226572,0.3170375419499848,-0.4359683871726362,0.1301474887293059,0.9553805851828766,1.31010951989004,0.5636242224225784,18.38001355843153,0.0010399327132706,15.818746005807045,0.0003672847949156,24.46268215696909,6.450597266331418e-05,22.0095465217928,0.0001995453720925,2.4171878522611223,0.2986168617451686,2.293941062733211,0.1298797634050488,4.406118695289479,0.1104646909894418,0.0089180410814698,0.0036443311215842,0.0008025108495101,0.0021509226949804,0.570458544688862,0.3532508631495268,0.3191231056337095,True,Shared,"Organ, Organ and IL-17 interaction, Epo, IL-17",4,CEP-1
Rnaseh1,1.469699713389057,7.915211089530379e-22,0.4527883086569376,0.0199268823613203,0.9326443107922991,4.112810880184365e-06,-0.8092540056317303,0.0017659292691268,0.036405368570213,0.8388006941805305,-0.4841888679276224,0.0287257376295289,-0.929567723322527,7.135369098085892e-05,1.0818212452533325,0.0002169428409263,1.5726912261551185,2.541220076530192,1.0370761593742794,17.70344205215588,0.0014101279095739,13.7784295601341,0.0010187134411233,53.04098076867013,8.355136259937745e-11,37.49229177402231,1.4260495818801601e-07,16.526770787091664,0.0002577848093024,13.68157279832667,0.0002165691464025,14.556370518173935,0.0006904373924607,0.0115270636787643,0.0087699658068582,3.4605292019596223e-09,3.3235306407491564e-06,0.0026890040214799,0.0023070568640699,0.0062903989491056,True,Shared,"Organ and IL-17 interaction, Epo, IL-17, IL-17 and Epo dual interaction, Organ, IL-17, Epo triple interaction, Organ and Epo interaction",6,CEP-1
Calm1,6.099458382924278,0.0,0.118472643393627,0.0198138498747046,-0.1776932295162605,0.0007887154751431,0.2008593962135882,0.0029876109841802,0.1751566880062053,0.000181048204421,0.00733011587627,0.8992035405044589,-0.0451301727738411,0.4607377437421327,-0.0951827588057664,0.2132109073750854,1.125776076267743,0.8371992121064542,1.1914328852309235,180.0248956427704,7.365316325308767e-38,17.604525347122944,0.0001503924009141,55.25907175654629,2.867208913604426e-11,105.07166219121882,8.177546118451241e-22,9.909128167209929,0.0070511533231255,1.5517682326053546,0.2128745916017193,3.109680101474624,0.2112231649286661,2.2950639087378085e-35,0.0016839119788599,1.2771113571563946e-09,1.0841360686172848e-19,0.0432332583431727,0.4737037019241832,0.4717238016565694,True,Shared,"Organ, Organ and IL-17 interaction, Epo, IL-17",4,CEP-1
Hsp90aa1,7.461396967569995,0.0,0.0963472657646518,0.0016943374970202,0.0916772492727917,0.0041143602170402,0.046841438550299,0.2513276556702897,0.1427534186246941,4.291283141246226e-07,0.0576280899098494,0.0989678600549381,0.0020352979484361,0.9560474075856414,0.0567689962940902,0.2186915764475652,1.1011413863119182,1.096011026634145,1.1534453484566574,461.0828406186161,1.7448656879792863e-98,24.494384093823783,4.798572659325957e-06,341.46635051208204,1.2200519077434576e-72,374.2863741407227,9.982401328411331e-80,4.520355327866582,0.1043319470839891,1.515167507986007,0.2183522606366816,17.099679636124847,0.0001935761044702,2.281629995243914e-95,8.059290828542703e-05,1.0895212322967092e-69,9.878125703724007e-77,0.3080281021963773,0.4799495785493276,0.0020941050970669,True,Shared,"Organ, Organ and IL-17 interaction, Epo, IL-17, Organ and Epo interaction",5,CEP-1
Tigd5,0.1440490818023732,0.0313652570440215,0.0211728584961779,0.8033869484647416,0.0549553000926991,0.5347755296519809,0.0582609159813772,0.6066029813710412,-0.0387507917595429,0.6204028213486361,0.1127100127368853,0.2441914230038245,0.1045842840930152,0.3067377019223311,-0.3012577091392421,0.0184866847551127,1.0213985938036054,1.0564933884634702,0.9619904152154748,17.984192967720446,0.0012429072899283,16.884338351628685,0.0002155820074464,8.640784032562806,0.0707328603480947,20.195543813235417,0.0004569084352803,7.625024943667086,0.0220926021280879,5.555333863263513,0.0184244586529502,6.450295011101844,0.0397499178102372,0.0103945148606195,0.0022982127906943,0.2381800404419675,0.0044017937100743,0.1040905273474132,0.0906516047691722,0.1597216435189991,True,Shared,"Organ and IL-17 interaction, IL-17",2,CEP-1
Nhp2l1,5.898603436152047,0.0,0.0986630381651911,0.0635628735481194,-0.0069331733384829,0.9003410177435119,0.0031344801257826,0.9646640770651936,0.1109412441937721,0.0233600799697242,-0.0595296855117855,0.3253089072150519,-0.1789308687938408,0.0051683119276013,0.1424200144391097,0.074928210034475,1.1036943340254457,0.9930908056589364,1.1173292553445535,71.13935266576664,1.3043885025524876e-14,15.252991809671585,0.000487365645329,10.163814473655291,0.0377568297254231,38.01436306701362,1.1129402679333642e-07,8.405427136742219,0.0149549404572214,3.175758603072609,0.074738498111764,3.4864755949756727,0.1749530201320393,8.722964098302377e-13,0.0046621881207092,0.1538318238637714,2.6572310727080685e-06,0.0774035499618997,0.2470266757494986,0.4233834083330385,True,Shared,"Organ, Organ and IL-17 interaction, IL-17",3,CEP-1
Naa60,0.6879350694020181,1.9136527642499223e-08,0.3143528910413189,0.0432998416385782,0.3675720552603816,0.0232209094530275,-0.5111302963723264,0.0135219129324573,0.1575325592495351,0.271007942890671,-0.4037054585696443,0.0225825556010416,-0.6005550427033806,0.0013335951226412,0.8232558099606279,0.0004325424055708,1.3693728907173317,1.4442238587066518,1.1706188718331698,17.735357692014077,0.0013900519021467,14.297948576720955,0.0007856695385473,20.335629709094064,0.0004286889814736,14.592264542006887,0.0056260771479566,12.818808982799965,0.0016460044200546,12.390655292438169,0.0004314878010058,12.73376038157221,0.0017175091767672,0.011392285751903,0.0070229764769543,0.0041688722505142,0.0359525919638209,0.0131269838452777,0.0041940881021857,0.0136038988087763,True,Shared,"Organ and IL-17 interaction, Epo, Organ, IL-17, Epo triple interaction",3,CEP-1
Ranbp1,6.532205622990802,0.0,0.0374783196475275,0.3849845373648919,-0.1589940913517295,0.0003998057230771,0.1766623069210183,0.0020840397479121,0.0009188763416966,0.9815293832946378,0.1208545950185456,0.0138310993424902,0.0597419181522886,0.249753652212019,-0.1126191319029477,0.0825625489545491,1.0381894885237848,0.8530013990394826,1.0009192986378983,209.7106172243384,3.066413470801098e-44,13.963331492995168,0.0009287548438476,28.001814673115405,1.2462372565298972e-05,32.500152721028826,1.5117240698439375e-06,3.1754207270469124,0.2043930621949396,3.017704745768242,0.0823599550370293,6.103438849092527,0.0472775642604056,1.3054898792229768e-41,0.0081273818057397,0.0001889687538712,2.8384363708323595e-05,0.4633200459803382,0.2637874481693805,0.180849093564056,True,Shared,"Organ, Organ and IL-17 interaction, Epo, IL-17",4,CEP-1
Gp5,0.3806495555241861,2.723695057183091e-07,-0.1977468901123527,0.0355537041376838,0.1756264297167458,0.0729294965265528,-0.1581200427252314,0.206469636244201,0.1390549274334217,0.1081343414087996,-0.1668287073429105,0.1191744396195023,-0.3859611797235044,0.0006501209796661,0.407337257841879,0.003984374357288,0.8205775231397447,1.1919926824221778,1.1491872201746,81.01845206853977,1.0597692229706562e-16,15.882732726879112,0.0003557201031564,14.246782203526893,0.0065476870659392,18.339532693722504,0.0010590880071443,11.695281361366142,0.0028867017814275,8.297426314336917,0.0039701301942505,9.19954920028249,0.010054101682352,8.879144266644421e-15,0.0035478501762238,0.0407329437411891,0.0090574989355786,0.0208633937920462,0.0271473268964781,0.0571786039059953,True,Shared,"Organ, Organ and IL-17 interaction, IL-17",3,CEP-1
Nsun3,1.361882600784322,1.6490849882556469e-22,-0.3659199819799411,0.039020222011946,-0.314188497066487,0.0886944728202502,0.8992003026180438,0.0001376984069204,-0.3711327473283876,0.022882423560116,0.476572573908039,0.0181737225399621,0.4764883671753505,0.0255001534986973,-1.094061032786093,4.0644173105647335e-05,0.6935582961510819,0.730381340442877,0.6899523461487346,18.475712970277527,0.0009959990889761,16.990973620740988,0.000204388735676,29.383997612712847,6.531670330309936e-06,21.320015316898207,0.0002736001508911,19.896592061668343,4.780902968161344e-05,16.839644352723553,4.067466359243327e-05,18.131638812941677,0.0001155485920056,0.0086118816021322,0.0021926401185659,0.0001058173945304,0.0028277936837415,0.0006166834272495,0.0005346407450876,0.0013381744024662,True,Shared,"Organ, Organ and IL-17 interaction, Epo, IL-17, IL-17 and Epo dual interaction, Organ, IL-17, Epo triple interaction, Organ and Epo interaction",7,CEP-1
Gtf2h5,4.7620036013920695,0.0,-0.0700168852076404,0.457633948447427,0.0318853739898189,0.7452482716728097,0.093117392059183,0.4578029528027302,0.2389607032451178,0.0058632029520756,0.0604860833848506,0.5728785960864351,-0.358236329586082,0.0015862224804132,0.1479991392612333,0.2964598632331134,0.9323780763756132,1.0323991587259709,1.2699286315291385,31.393504681382183,2.544597405629625e-06,13.87286483212847,0.0009717301494567,35.12851703874367,4.371364831261116e-07,41.91274622999299,1.7390953657004055e-08,16.08924060890604,0.0003208232195483,1.091705742999693,0.2960935802033735,5.386543289620022,0.0676592199401484,4.551373576503189e-05,0.008443916417974,9.198331393642465e-06,4.926450148709617e-07,0.0032471212021929,0.5677860161194237,0.2312045218422346,True,Shared,"Organ, Organ and IL-17 interaction, Epo, IL-17, IL-17 and Epo dual interaction",5,CEP-1
Arhgdig,0.288291536966959,0.0192318413895346,-0.0558469408717937,0.7211849193290369,0.2491086037953735,0.1262357210462867,-0.1698877119736799,0.41450219653232,0.3592137580473563,0.0125939072513432,0.1692322885430357,0.3419778630193451,-0.2866083912211327,0.1279615336489417,0.5853754564455257,0.0128615107278677,0.945683870362404,1.2828813512881947,1.4322029137517838,62.55945675117255,8.40071870297991e-13,15.01821588393068,0.0005480697807623,107.57560574272792,2.392973580035831e-22,48.54515993387759,7.264438278900898e-10,6.80373247677926,0.0333110455635774,6.194238627158484,0.0128166850198002,24.94847348383701,3.823911363982962e-06,4.625258860624887e-11,0.0051446616889996,3.2692215736060414e-20,2.5961592086338512e-08,0.1404461039546342,0.0688264462388556,6.57154558672566e-05,True,Shared,"Organ, Organ and IL-17 interaction, Epo, IL-17, Organ and Epo interaction",5,CEP-1
Ppm1b,3.511802816391022,3.4447474487520544e-125,-0.1987083274809927,0.28927768053411,-0.2550199234484945,0.1914144585767903,0.6080133011522937,0.0148013439228601,-0.8662393008001632,5.132103982449545e-07,0.9716877041981656,5.277355061058975e-06,0.7456437628738666,0.0009499630881104,-0.9483010640753872,0.0007706885595109,0.8197889683788817,0.7749010591059444,0.4205300663071915,91.34095443120532,6.832914729565763e-19,12.648666114007938,0.0017921611213492,27.311391553830617,1.7195433101105314e-05,30.685839817437227,3.5480048084294887e-06,12.362945541499355,0.0020673808333892,11.315926887178648,0.00076845092301,20.740012450631184,3.135909487460295e-05,6.978435800584551e-17,0.0140915475607261,0.0002497723232917,6.140622739467411e-05,0.0158538167647498,0.0068926207421918,0.0004262729609026,True,Shared,"Organ, Epo, IL-17, Organ, IL-17, Epo triple interaction, Organ and Epo interaction",5,CEP-1
Ss18,3.1201012436548945,2.343765275373869e-89,0.1093839192911637,0.5802985043993804,0.1528922375043769,0.4578315107679478,-0.1408763867510507,0.5924584989491464,-0.8495901539195729,3.038442540706437e-06,0.4784875916153692,0.0335511309873964,0.3939217956890581,0.097919999350403,-0.4071234768038962,0.1711181706986297,1.1155905648751738,1.1651994073808691,0.4275901421854637,30.42510212069465,4.00981536532151e-06,15.909162721996836,0.0003510501872861,48.64193572636577,6.934548093926336e-10,21.5399957708687,0.0002474148331103,2.7482757223115186,0.253057672634397,1.8758135867974488,0.1708107247526856,4.65751223351981,0.0974168469400929,6.857233763577725e-05,0.00350604910862,2.491639613709243e-08,0.0025941360229344,0.5208038895692362,0.4176147500745591,0.2939693912896655,True,Shared,"Organ, Organ and IL-17 interaction, Epo, IL-17",4,CEP-1
Cd74,0.4329688469568844,2.0461244996086462e-10,0.2394201512545168,0.0056628747870568,0.2966852947076162,0.0009902264920689,-0.434184397254001,0.0001624470390538,-0.321657888094582,5.340578045852398e-05,-0.2033794973094531,0.0389092585895717,-0.269194749440408,0.0097264587166887,0.3857373521135474,0.0030340981188722,1.2705122317676911,1.3453918308881836,0.7249461606230257,14.926937197458756,0.0048551780261632,14.861941628705608,0.0005926119164003,231.80403965877483,5.39776983051959e-49,15.263671845674253,0.0041844554496106,8.920086040481692,0.0115618658825144,8.793298901600792,0.0030233902930105,8.86761902033686,0.0118691876472795,0.0319347993642198,0.0055077031098167,2.6888604855745437e-46,0.0283167100275981,0.0636715614784453,0.0216776462338472,0.0649682317123141,True,Shared,"Organ and IL-17 interaction, Epo",2,CEP-1
Cox8a,7.087699956893765,0.0,0.062745119391892,0.0863069351310549,-0.1959947395323474,2.6532978793327104e-07,0.0269206016983314,0.580171433515076,-0.0339984407168857,0.3124020949089412,-0.016911102956941,0.6845868069060211,0.1051188362788507,0.0169287623115123,0.0691979656224871,0.2084179384104414,1.0647554191342,0.8220165588583307,0.9665730117973076,92.13623796123376,4.630170436286779e-19,14.362848716761164,0.0007605837264445,42.69852490695121,1.1950781863454938e-08,74.28949774197554,2.816276515519309e-15,33.55379923747569,5.1746987516449976e-08,1.5847042675627565,0.2080843809260348,2.2827753337123795,0.3193755273422085,4.7888911092933885e-17,0.0068337747897372,3.47545632849569e-07,2.025810220058275e-13,1.3239960359423767e-06,0.4680239705654013,0.5920137641931931,True,Shared,"Organ, Organ and IL-17 interaction, Epo, IL-17, IL-17 and Epo dual interaction",5,CEP-1
Tmem2,0.1481799507141062,0.0893104218970516,0.3311123208530577,0.0028107913971266,0.3982276320457446,0.0005571464069323,-0.4804130710333473,0.0011209623238924,0.0856607975528423,0.4008277030418953,-0.2428958669888858,0.0541208465911344,-0.2231545818470522,0.0942250257397635,0.3209750838580587,0.0541027610457163,1.392516192131146,1.4891829770957574,1.0894367260201834,15.537096333911904,0.003707576242886,14.831480920263855,0.0006017066882973,8.545897899401098,0.0735081370555951,19.72136113389752,0.0005667843922703,3.762968613926205,0.1523637832080281,3.714165986180888,0.0539525721560198,4.227790962984727,0.1207666048651682,0.025663549063032,0.0055766581020058,0.2443608294974608,0.0052952182562876,0.3902326869635297,0.1982430127587368,0.3379203734987265,True,Shared,"Organ and IL-17 interaction, IL-17",2,CEP-1
Hhex,1.3054638274510812,3.15036288730963e-31,-0.3475042556283431,0.0149010700970495,-0.1376031788190236,0.3543902634271914,0.5233447931450373,0.0058494720482833,-0.4137473880010948,0.0016273497122645,-0.0302754900101601,0.852135234650183,-0.3270090269889251,0.0568794520806807,-0.2154153080586034,0.3155271157196007,0.7064490075387468,0.8714444307511473,0.661167949129434,32.80381536540517,1.3102038193614274e-06,17.070278924413287,0.0001964427609023,203.30227456303328,7.325474565084821e-43,49.914587354378455,3.76222256105137e-10,21.367914342434236,2.290953929098736e-05,1.0089351100505155,0.3151580888923073,3.106004349217983,0.2116117238934872,2.497899028930749e-05,0.002119792816475,2.996773888142269e-40,1.4142519069718104e-08,0.0003222429569076,0.587946636485198,0.4720698158582908,True,Shared,"Organ, Organ and IL-17 interaction, Epo, IL-17, IL-17 and Epo dual interaction",5,CEP-1
Il1r1,0.5868814964683677,1.2073674157222002e-22,-0.1880859836620726,0.0362967536447335,-0.268808439565082,0.0034732323385351,0.5690944093532594,2.646654251782563e-05,-0.2947995682151882,0.0003779414672676,0.2482229240551696,0.0240242010564062,0.2391141274301143,0.0422651687736402,-0.5796738973853739,0.0002746064903408,0.8285434629686708,0.7642896492837571,0.7446808302168297,20.219152003930503,0.0004520270373922,17.66910083295079,0.0001456141247188,37.19883319768997,1.639151701026598e-07,18.810753442496207,0.000856159338303,14.190952430308243,0.0008288459758926,13.239720519521144,0.0002740787717059,13.36360099645026,0.0012535189808171,0.0055538997947212,0.0021067449189853,5.156824906883315e-06,0.0095520575027896,0.0093012212022954,0.0036126483223191,0.0131076572272251,True,Shared,"Organ, Organ and IL-17 interaction, Epo, IL-17, IL-17 and Epo dual interaction, Organ, IL-17, Epo triple interaction",6,CEP-2
Cacna1e,1.6538147286840648,4.035647455016486e-71,-0.2369247343228684,0.0883735611164061,0.6055501146844702,2.1010405288923956e-05,-0.6653745276068328,0.0015013769641285,-0.5370315357315868,2.8570991238772184e-05,-0.2357248518970016,0.1661203223055094,-0.3513213327516539,0.0538465492667287,0.2706869444105081,0.2723189887956444,0.7890506742159964,1.832259884760085,0.5844806898057943,160.96115084102712,9.094614223338652e-34,19.304504169187567,6.428063846434655e-05,158.42543467781434,3.1812455500443155e-33,28.224959920240508,1.1229581342028812e-05,3.9576909858442377,0.1382287312733445,1.2067839219525922,0.2719699945287202,1.958720193237241,0.3755513385495237,2.8312970068972704e-31,0.0010374351337424,9.691193525413973e-31,0.000224089037453,0.4090631571071229,0.5835680233267401,0.6788040236884438,True,Shared,"Organ, Organ and IL-17 interaction, Epo, IL-17",4,CEP-2
Gpatch2,1.5245588242834054,4.6705941490364e-49,-0.0136421984802224,0.9299747614130894,0.2441877289189924,0.1244633720589429,-0.229535647774716,0.3267059576903279,0.0706332139347785,0.6220669712480112,-0.0761915338413394,0.688517625817223,-0.6509271702105743,0.0013770942183832,0.8229997025405404,0.002797378994329,0.9864504345914312,1.2765839597228443,1.0731875234415214,30.7222489994856,3.4878800695897265e-06,17.704646208432678,0.0001430490321629,17.858256148629152,0.0013153461614709,19.72853834468333,0.0005649406789768,11.101996089873865,0.0038835793219486,8.941341427616862,0.0027878791080751,14.21876720133514,0.0008173986808535,7.951186454872264e-05,0.0020772545627924,0.0136535932350404,0.006742569962952,0.0329128464205889,0.025307630892319,0.0091933066656611,True,Shared,"Organ, Organ and IL-17 interaction, IL-17, Organ and Epo interaction",4,CEP-2
Pkp4,0.3141182129306692,0.0002557232045461,0.1403975849444814,0.2756326050756145,0.0733441994850888,0.5780395426963705,-0.0515081903682626,0.790775007101249,0.3605597624060378,0.0024199072200737,-0.041245256480076,0.7936385079697436,0.052454446284925,0.7559583323820737,0.6099582843742832,0.0075725714857925,1.1507312213278025,1.0761008665415812,1.4341319630793687,72.11621097754687,8.110487729399488e-15,21.60538010563323,2.034470141274565e-05,104.09272860126656,1.321924965510741e-21,138.8328937852275,5.017579573353562e-29,18.62052613601918,9.049073682611752e-05,7.138095431953843,0.007546326448466,11.917769253228473,0.0025827911425549,7.716922507141766e-13,0.0003813221299912,2.212977218206425e-19,1.2584727848644376e-26,0.0013950644821684,0.0556317853358243,0.0237962766483065,True,Shared,"Organ, Organ and IL-17 interaction, Epo, IL-17, IL-17 and Epo dual interaction",5,CEP-2
Necab3,0.095170629962891,0.0167904004516236,0.1140711009872048,0.0558848166224793,0.2880789553734864,2.405297154668598e-06,-0.402620919771344,7.593851032143553e-06,0.0861983860486644,0.1175296154050115,-0.1779645200308107,0.0148372183889959,-0.3245610905792347,3.311738412286098e-05,0.4806661436468648,5.557045645782522e-06,1.1208318142996088,1.33386261558687,1.090022552123596,24.46255270870097,6.45098323254969e-05,21.985315893847652,1.6824776826430083e-05,26.011294003590592,3.1479110330461016e-05,28.16125432069748,1.1568597882042006e-05,22.01137217879841,1.6607002911879148e-05,20.62564187121643,5.584314517445677e-06,21.5581360985816,2.0831005142584937e-05,0.0010408974536175,0.000321027596543,0.0005555413354689,0.0002300109461253,0.0003173992268551,0.0001208459281854,0.0003893633510212,True,Shared,"Organ, Organ and IL-17 interaction, Epo, IL-17, IL-17 and Epo dual interaction, Organ, IL-17, Epo triple interaction, Organ and Epo interaction",7,CEP-2
Car1,6.289358012530331,0.0,0.1328520375324439,0.27694045590767,0.4033556976288797,0.0012639171252834,-0.4679363188615942,0.0110797136646093,-0.3906153857043613,0.0005337675938847,-0.3278052263922487,0.0284418281757631,-0.0716247507799858,0.6546872818086789,0.0546069210044281,0.8010601486382865,1.1420810007055364,1.4968392191452229,0.6766403515508375,78.01791235128985,4.57912826886844e-16,19.55636273436903,5.667477298229064e-05,126.9457926758878,1.751654909368235e-26,23.80847096864818,8.72546332859738e-05,0.2139572687046893,0.8985448707783298,0.063591204558179,0.8009073733136214,7.843407640895748,0.0198073178644771,4.954672629943321e-14,0.000929906469321,3.9098259580804185e-24,0.0013531426416076,0.962379998348717,0.9224743672768124,0.1152301796590925,True,Shared,"Organ, Organ and IL-17 interaction, Epo, IL-17",4,CEP-2
Mterf1b,0.3692078354059847,1.2778950973077343e-09,0.1977664412233803,0.030085039042156,0.1605983704716908,0.0853759741424916,-0.4028114122236527,0.0033849662807437,0.0185687434972135,0.8253805412785962,-0.235876978344476,0.0346040296287654,-0.2763510220697315,0.020741745923532,0.5825854077616774,0.0003149881617205,1.218677727700626,1.1742132753732826,1.0187422146651064,15.4875778178357,0.0037897876155019,13.045629669692062,0.0014695267998968,19.27489171720481,0.0006939813615398,13.557318421262607,0.0088505539804707,13.25179090549682,0.0013255928936146,12.982958640619472,0.0003143388630714,13.249990436561347,0.0013267867753337,0.0322811862412494,0.0149415574067727,0.008012166077114,0.0627898372347641,0.0137458851115805,0.0040722344407389,0.0137502300063063,True,Shared,"Epo, Organ, IL-17, Epo triple interaction",2,CEP-2
Gtf2ird2,0.6052108978738686,1.8310120355796624e-14,0.2487090971739696,0.0356955706492401,0.5243293834596068,1.5260787763069735e-05,-0.6719334448950887,0.0001671537347048,0.0982672731568142,0.368612547113031,-0.275514975299972,0.0573740945311077,-0.6258447529732165,5.50848599034133e-05,0.769773181998485,0.0002468779511418,1.2823689340577331,1.6893255787516646,1.1032576168524828,15.51541984155483,0.0037433457774092,14.95227000189334,0.0005664424898846,27.278016347245284,1.7464882366943435e-05,21.066143591197036,0.0003072486881607,17.297057826854143,0.0001753846645011,13.439118384427276,0.0002464314016917,14.196347451015754,0.0008266131681559,0.0319776968685168,0.0067561902087068,0.0003318140659544,0.0039956965712078,0.0024714718058943,0.0032996983384415,0.009282234247067,True,Shared,"Organ and IL-17 interaction, Epo, IL-17, IL-17 and Epo dual interaction, Organ, IL-17, Epo triple interaction, Organ and Epo interaction",6,CEP-2
Gtf2i,2.9783450375493445,6.498693787942862e-178,0.5001655303758898,0.0014428009292654,0.4350060675865693,0.0068025496274715,-0.8323140354258507,0.0004368763828762,0.0092015360895821,0.9493691795398476,-0.329427591098562,0.0865435396975602,-0.3744625982886467,0.0687521844302926,1.026819720154538,0.0002260976069204,1.648994206740784,1.5449724331768844,1.009244000368385,30.47708850006893,3.913194307347336e-06,14.12903488410302,0.0008549073631833,18.416462230197794,0.0010229785620786,25.726698153048343,3.5924161166802875e-05,15.40635048897093,0.0004513916261993,13.603947349758528,0.0002257104272862,14.92462860300293,0.0005743254699614,8.806548254138043e-05,0.009539588844325,0.0110941204486393,0.0006229897287123,0.0055480134420134,0.003062103617886,0.0068284123715018,True,Shared,"Organ, Organ and IL-17 interaction, IL-17, IL-17 and Epo dual interaction, Organ, IL-17, Epo triple interaction, Organ and Epo interaction",6,CEP-2
Cldn13,5.93238272611327,0.0,-0.1845085060454195,0.000963153214891,-0.0940897919066305,0.1001412980164233,0.0510002997718744,0.545008046063856,-0.1859531320733773,0.0003129674114459,0.2251800319776346,0.0009997644747107,0.1698365375667658,0.020418819020821,-0.2450028577426204,0.0134523301172076,0.8315128669831093,0.9102010298854794,0.8303125090957638,36.50335210955018,2.279640422062957e-07,14.17366836779911,0.0008360399291328,14.380266949188808,0.006175266252413,27.90390640880105,1.3044926627321272e-05,6.648427617406924,0.0360008111547507,6.11457861355666,0.0134071372078375,10.909867212772951,0.0042751606156518,6.926749878340269e-06,0.0093643860138625,0.0477210346193953,0.0002557814618804,0.17671767467249,0.0861098856762769,0.0355662096224761,True,Shared,"Organ, Organ and IL-17 interaction, IL-17",3,CEP-2
Fbxl18,0.4775931515429633,5.219466419124845e-09,0.5037576700387973,3.971505534723277e-05,0.3887642786248624,0.0019530890364039,-0.6965669539085674,0.0001639402685388,0.1620124672517953,0.1522239948257523,-0.3250012524502607,0.0303644692570718,-0.4092062666653598,0.0108671248686283,0.7405200064163602,0.0006595562351926,1.6549282758564012,1.4751567843608575,1.175874901158088,31.869808849885885,2.033956631530558e-06,14.354556519392643,0.0007637437279443,11.89810021610174,0.0181253252619475,14.965265267383074,0.004773804131972,11.606925262003642,0.0030170895694323,11.6049186991404,0.0006577762127788,11.670867703822296,0.0029221552024771,4.923451117691119e-05,0.0086709100782935,0.1081001779297728,0.0387915990025615,0.0269408752847289,0.007657693223395,0.0262483644990927,True,Shared,"Organ, Organ and IL-17 interaction, Organ, IL-17, Epo triple interaction",3,CEP-2
Bckdha,1.0881796619982576,2.8244697052512876e-32,-0.0742860178387533,0.5901682594343312,-0.2059852598086588,0.1446586312383119,0.5988933653888868,0.0039735414296377,-0.3308650613716281,0.0093530126938783,0.3953202099604037,0.0192305108893375,0.4797761914513393,0.0079487149938102,-0.818167589799931,0.000823717099755,0.9284061151524352,0.8138450724265974,0.7183020891999599,23.952689958870906,8.163790380302419e-05,11.19729236445346,0.0037028733403992,13.493026461343106,0.0091019154894477,15.41177960877394,0.0039191126375761,11.265788037006132,0.0035782049372233,11.192317292152438,0.0008213670338716,11.194282976182876,0.0037084492261475,0.0012769189977828,0.0317427475484949,0.0641117357786049,0.0331479976267099,0.0308946945865839,0.0092320874210937,0.0317828696054034,True,Shared,"Organ, Organ, IL-17, Epo triple interaction",2,CEP-2
Rgs10,5.25692619040133,0.0,0.1684527494874033,0.0092235334422654,0.0498394705367278,0.4518156276623449,-0.1017282650935514,0.2969581032818796,-0.0353708868277559,0.5536579469620926,0.1847955020943654,0.019651672294403,0.1997339546808629,0.0184916287353998,-0.1580076143841091,0.1685010670922511,1.183472305850626,1.0511023499359191,0.965247352332568,72.54514367404408,6.5828137436803086e-15,19.548632962530974,5.689423834546422e-05,27.19998923001549,1.8111319016361657e-05,23.42926444936711,0.0001039210843953,5.846104649974222,0.0537693151451972,1.8988619646370355,0.1682057567230535,5.552404622521863,0.0622745582583979,6.348479884869951e-13,0.0009326450433628,0.0003430855147534,0.0015741183462187,0.2298167947563597,0.4553413535213018,0.2529683193728819,True,Shared,"Organ, Organ and IL-17 interaction, Epo, IL-17",4,CEP-2
Heca,1.0133488025331845,9.937125137829381e-25,0.2667090057359771,0.0714577437685448,0.5881359249493705,0.0001034538084042,-0.8051054385116876,0.0003069299922505,0.0320636959409358,0.8143856927010651,0.0792782972854681,0.6616515754186708,-0.49918164648848,0.0100444043865623,0.5825706951949186,0.026415659000045,1.3056604513430523,1.8006287778821577,1.032583274573747,26.44690870914565,2.57117611760472e-05,15.620219156007806,0.0004056135990563,14.66564471908714,0.0054473820578208,21.364030261898733,0.0002681498370826,6.855622430110088,0.0324579064572629,4.933975015166652,0.0263336759902518,12.348684071152093,0.0020821754642234,0.0004671156407155,0.0050607230200422,0.0431438494157693,0.0035467357011671,0.1644676042501804,0.1421201582868063,0.0199693033982681,True,Shared,"Organ, Organ and IL-17 interaction, IL-17",3,CEP-2
Yeats4,4.638217939927385,0.0,-0.2261431390892068,0.0281133288061792,-0.2913294891615714,0.0057319187681676,0.4548018690011121,0.0033989877882781,-0.3150605773073432,0.0009193961292156,0.4823836689902551,0.0001305087874103,0.4410120678153886,0.0010857886415326,-0.7815911077458149,1.878260176105758e-05,0.797603925194911,0.7472694202759357,0.7297446669631178,22.34085194333602,0.0001714160246436,20.107669528799303,4.302045901401986e-05,20.40550128212635,0.000415265991381,27.350818362443533,1.6882450069712227e-05,18.329214018351195,0.0001046795259186,18.304780222519184,1.8823424528683186e-05,19.75312680917341,5.136449388821883e-05,0.0024237269779295,0.0007301750791045,0.0051611941986035,0.0003218684678883,0.0015835790174133,0.0003552477195017,0.0008526313789021,True,Shared,"Organ, Organ and IL-17 interaction, Epo, IL-17, IL-17 and Epo dual interaction, Organ, IL-17, Epo triple interaction, Organ and Epo interaction",7,CEP-2
Hsd11b2,0.3719335360012685,5.912605128116877e-11,0.1596051282096633,0.0609569428721509,-0.2728800607758699,0.0017536177481428,0.3271724102528084,0.0108371997076589,-0.2891151562812157,0.0002357058726341,0.1055497797503465,0.311470814489253,0.4441134319337027,6.934794974047946e-05,-0.5047859353928028,0.0008331360530718,1.1730475761302577,0.7611840779819111,0.7489259569086332,51.24324270789111,1.9856638559366152e-10,11.479405567692083,0.0032157238983757,34.99073346293699,4.665752706967599e-07,16.18878455977392,0.0027760276131325,16.183621580728868,0.0003060350896998,11.171235354317105,0.0008307529298112,14.370211632272913,0.0007577888174122,1.056539883765974e-08,0.0283589501914298,1.3089925973935186e-05,0.0252238941101463,0.0039835632985324,0.0093169288920839,0.0086212294053413,True,Shared,"Organ, Epo, IL-17 and Epo dual interaction, Organ, IL-17, Epo triple interaction, Organ and Epo interaction",5,CEP-2
Spata13,1.034147756787871,7.272013173677313e-23,1.467031960882935,1.2145537840101183e-20,-0.4765455755228476,0.0031214892135248,0.8686974786289049,0.0002532176895857,-0.4217406720049579,0.003716365271245,-0.229923396887189,0.2330720866399612,0.6915619125275925,0.0008059049490714,-0.7509480718042179,0.0071740265838435,4.33634557885945,0.6209246285418573,0.6559041116384525,551.2542062325265,5.477277977647147e-118,14.031479746470724,0.0008976414251604,64.0764326930439,4.0271334693041153e-13,38.44656642992777,9.063289231718309e-08,11.332383235487214,0.0034610211003461,7.235113248465495,0.007149130057783,24.961564422832453,3.7989638046018097e-06,1.555108763413578e-114,0.0099538491419911,3.2081474034927726e-11,2.9974956369315147e-06,0.0300468783882788,0.0533815749528133,8.576668284053323e-05,True,Shared,"Organ, Organ and IL-17 interaction, Epo, IL-17, Organ and Epo interaction",5,CEP-2
Ndfip2,1.6729837520477258,1.4922520243882183e-55,0.0454852833610056,0.7758302716339739,0.2411343136167021,0.1403626784067312,0.0138711200757881,0.9540650281402764,0.1650405037048368,0.262980372060788,-0.0643917143982641,0.7419591883827427,-0.5608951953716539,0.0073759192110067,0.5577080299006447,0.0489912935687814,1.0465356030139548,1.2726919636895584,1.1794408894695974,32.197588825729326,1.7432027879070437e-06,14.677481726066617,0.000649868279175,9.445244045862635,0.0508846014389373,22.445685860089725,0.0001633629153249,7.185575864623388,0.02752149530144,3.88027758771932,0.0488564789679609,5.907375449300162,0.0521470469795784,4.300748484033436e-05,0.0075777503840403,0.2218228455054987,0.0023251453237944,0.1468557913468813,0.2160239754030939,0.2252691494498493,True,Shared,"Organ, Organ and IL-17 interaction, IL-17",3,CEP-2
Dnaja4,1.974090636645412,7.244141025369922e-77,-0.1312037734570822,0.4106756047269273,0.1097159393483701,0.5016197097478554,0.090084158662406,0.7078893147438468,-0.3746982422616638,0.0109143673910776,0.1726389843093412,0.376597385384554,0.225365962034792,0.2809051370040896,-0.7016616199640167,0.0131096730846791,0.8770390389039344,1.1159610248150045,0.6874967049439723,34.99632500885127,4.6534298488081154e-07,16.99013076137271,0.0002044748893088,33.086731601571955,1.1466224473023348e-06,23.08925749626724,0.0001215316102486,7.415774272183626,0.02452929562184,6.16021408362576,0.0130655394062156,7.471445418708754,0.0238559239377791,1.3070852816319749e-05,0.0028247620948122,2.9563117075742728e-05,0.0017986475595184,0.1347801055301291,0.0846237783605427,0.13207594666331,True,Shared,"Organ, Organ and IL-17 interaction, Epo, IL-17",4,CEP-2
Hmmr,5.398496196151847,0.0,-0.1856787942658274,0.0669304627835544,-0.3576987119009703,0.0005662222805494,0.4475915503622693,0.0033941002180707,-0.3641120485078343,9.92742877533652e-05,0.3050252181790186,0.0139590468390179,0.5660073953029185,2.0301735035851952e-05,-0.6154830084676963,0.0006163381915893,0.8305403264571194,0.6992837291365749,0.6948133375834031,12.00258623003174,0.0173320437252222,11.732183675547276,0.0028339271669659,21.718347585876472,0.0002280211739494,19.61391364761585,0.000595108541301,18.323512859751645,0.0001049783489152,11.73090811189104,0.0006147059012792,11.747922052258218,0.0028117139748274,0.1046023691536665,0.0256244777466547,0.0030881402264702,0.0070314815312798,0.001587084814911,0.0072297969963217,0.0254672830310283,True,Shared,"Epo, IL-17, IL-17 and Epo dual interaction, Organ, IL-17, Epo triple interaction",4,CEP-2
Mprip,3.713169038817121,0.0,0.0273958953065779,0.8507736363234114,-0.0509950486126921,0.7323255585598667,0.1636252359027816,0.4560661428984711,0.0490773289553145,0.7150203145028111,-0.2792746532851195,0.1172465358010278,-0.5446347990482254,0.0043194125755742,0.3826068492177337,0.1384835877112701,1.0277746133766257,0.9502833757418238,1.0503015663227186,18.311929334682645,0.0010723492435482,16.67731304246263,0.000239093344091,26.63809917859908,2.3524719420431357e-05,26.143295680180017,2.9607410935046197e-05,9.017650333134952,0.011011389127723,2.1977120430310606,0.1382157518253531,2.763146622459317,0.2511830529010889,0.0115501288781572,0.0032160025703212,0.0004318107062084,0.000527758419932,0.0742319688750864,0.4090631571071229,0.5609597716608239,True,Shared,"Organ and IL-17 interaction, Epo, IL-17",3,CEP-2
Nsun2,4.188483437018268,0.0,0.5443703189327187,2.503044496980281e-07,0.3498167106225974,0.0012077628411473,-0.5853407494310435,0.0002345400778366,0.6353666224910195,6.960245494469593e-11,-0.5446617050716756,2.500233715668244e-05,-0.5213274874078381,0.0001640418141168,0.7950842758243198,2.163183068426844e-05,1.7235227709599263,1.4188074724211113,1.887714093051606,37.17664024153055,1.6565034187538277e-07,18.053080840374605,0.0001201775386031,60.027633677957056,2.8623331718959266e-12,19.1292017557862,0.0007413097488974,18.90948222373845,7.831737224148094e-05,18.036344304840892,2.1672761492306296e-05,21.17248475231463,2.5261163625786264e-05,5.197993486434424e-06,0.0017803088404028,2.0155596085433816e-10,0.0084663179367246,0.0012339549570921,0.0004027048719172,0.0004603433617864,True,Shared,"Organ, Organ and IL-17 interaction, Epo, IL-17, IL-17 and Epo dual interaction, Organ, IL-17, Epo triple interaction, Organ and Epo interaction",7,CEP-2
Klhdc1,0.1835054072277179,0.0002358663369067,0.1535985370305459,0.040058279771062,0.0889070106778911,0.245748586664575,-0.3233581521341882,0.0041423121496169,0.017266135003527,0.8025564135552917,-0.1219439247919226,0.1830674687490372,0.0947827930420321,0.3336724014948062,0.1422953603540622,0.2835084166866497,1.1660226778737497,1.0929790162228834,1.0174160563234842,19.2858342795098,0.0006905497585092,14.934073272996102,0.0005716197064843,9.697402849365972,0.0458453379116042,18.378397678023248,0.001040690735914,7.974171117662991,0.0185537090926221,1.1518765267119306,0.2831566711706271,1.8200306491435183,0.4025180555695444,0.0079777379327782,0.0068065033998085,0.2073072615764585,0.0112621174622925,0.1098275599528246,0.5952101317763234,0.7011738676301633,True,Shared,"Organ, Organ and IL-17 interaction",2,CEP-2
Efr3a,2.473961830139197,3.27539510816041e-115,0.3440338932384145,0.0343117353907517,0.5091873364957211,0.0022177756972261,-0.6604327804383816,0.0070398458154984,0.3030558280944566,0.043409038729004,-0.2716590626937022,0.1722617608538655,-0.7655094964201874,0.0003265167058544,1.0358758217542647,0.0003268239528791,1.4106264453958854,1.6639384233162733,1.3539900530168587,28.12539780026418,1.1763871223633632e-05,13.378654946369352,0.0012441191951917,17.89724234589812,0.0012924867449862,16.42093268496683,0.0025033489610391,14.850818235252518,0.0005959170266466,12.9139726373578,0.0003261383615328,15.287996173166905,0.0004789098961072,0.0002334357225198,0.0130247168841755,0.0134497447821617,0.0231909766683248,0.0070379684777674,0.0041967550583031,0.0058427336585932,True,Shared,"Organ, IL-17 and Epo dual interaction, Organ, IL-17, Epo triple interaction, Organ and Epo interaction",4,CEP-2
Med20,1.6132681626967915,8.75540619822552e-55,0.0356970148392347,0.8180235150359012,0.3191102424708647,0.0445432208420377,-0.1782512604850898,0.4459890174847437,-0.505258480995128,0.0004183511819186,0.4483427965881003,0.0182574539412144,0.2468325365261381,0.2247540550333925,-0.370038330991843,0.178677187421257,1.0363418027303186,1.3759029994917291,0.6033496008644373,20.6741251865933,0.0003674271981805,14.893790573692968,0.0005832496268462,17.585360903944093,0.0014869247202843,24.634361728851214,5.958385746219743e-05,1.918078639817395,0.3832609002914796,1.811119602582039,0.17837398137378,5.731787744942267,0.0569322182380033,0.0046438715325599,0.0069191719453763,0.0150779839968237,0.0009717973811274,0.6855089285068441,0.4699697549335897,0.2383228437892772,True,Shared,"Organ, Organ and IL-17 interaction, IL-17",3,CEP-2
